newName,newProgram,updatedProgram
Ama Tshomo,BE Software Engineering,BE Electrical Engineering
Bumthap Dorji,BE Information Technology,BE Electronics and Communication
Choki Lhamo,BE Civil Engineering,BArch Architecture
Dawa Penjor,BE Electrical Engineering,BE Engineering Geology
Ema Selden,BE Electronics and Communication,BE Instrumentation and Control
Gyem Dema,BArch Architecture,BSc Computer Science
Hari Gurung,BE Engineering Geology,BE Water Resources
Ingrid Zam,BE Instrumentation and Control,BE Software Engineering
Jamyang Lodro,BSc Computer Science,BE Information Technology
Kuenga Norbu,BE Water Resources,BE Civil Engineering
Lhaki Om,BE Software Engineering,BE Electrical Engineering
Mindu Tshering,BE Information Technology,BE Electronics and Communication
