studentId,password,name
20250001,Jmeter001A,Tashi Dorji
20250002,Jmeter002A,Pema Wangmo
20250003,Jmeter003A,Karma Tenzin
20250004,Jmeter004A,Sonam Choden
20250005,Jmeter005A,Ugyen Lhamo
20250006,Jmeter006A,Kinley Wangchuk
20250007,Jmeter007A,Dechen Yangzom
20250008,Jmeter008A,Jigme Namgyel
20250009,Jmeter009A,Tandin Bidha
20250010,Jmeter010A,Sangay Phuntsho
20250011,Jmeter011A,Chimi Dema
20250012,Jmeter012A,Norbu Gyeltshen
20250013,Jmeter013A,Yeshey Zangmo
20250014,Jmeter014A,Dorji Wangdi
20250015,Jmeter015A,Nima Lhaden
20250016,Jmeter016A,Phurba Tshering
20250017,Jmeter017A,Rinchen Pelden
20250018,Jmeter018A,Kezang Choki
20250019,Jmeter019A,Leki Dorji
20250020,Jmeter020A,Tshewang Rigzin
