time,total_cpu_pct,available_mb,api_cpu_pct,api_mem_mb,jmeter_cpu_pct,jmeter_mem_mb,postgres_cpu_pct,postgres_mem_mb
17:57:52,13.8,4949,0.0,173,6.2,127,0.0,132
17:57:53,8.2,4951,0.0,173,0.0,127,0.0,132
17:57:54,4.3,4961,0.0,173,0.0,127,0.0,132
17:57:55,8.9,4963,0.0,173,0.0,127,0.0,132
17:57:56,7.1,4956,0.0,173,3.7,155,0.0,132
17:57:58,6.0,4923,0.0,173,0.2,188,0.0,113
17:57:59,8.4,4919,0.8,173,0.9,193,0.1,113
17:58:00,9.0,4907,0.4,173,0.0,193,0.0,131
17:58:01,7.9,4909,0.9,173,0.2,184,0.0,131
17:58:02,15.7,4911,0.9,173,0.2,184,0.2,131
17:58:03,1.2,4896,0.3,173,0.0,185,0.0,131
17:58:04,8.4,4908,0.8,173,0.1,185,0.0,132
17:58:06,7.4,4912,0.5,173,0.1,186,0.0,132
17:58:07,5.5,4917,0.6,173,0.1,186,0.0,132
17:58:08,7.6,4906,0.4,173,0.3,186,0.0,132
17:58:09,8.1,4902,0.0,173,0.2,186,0.0,132
17:58:10,8.3,4886,0.0,173,0.0,186,0.0,151
17:58:11,4.0,4887,0.0,173,0.2,187,0.0,151
17:58:12,7.5,4848,0.0,173,0.3,190,0.0,151
17:58:14,4.7,4849,0.1,173,0.1,190,0.1,151
17:58:15,2.7,4850,0.0,173,0.0,190,0.2,151
17:58:16,6.2,4833,0.2,173,0.0,186,0.0,151
17:58:17,3.3,4840,0.2,173,0.0,186,0.0,170
17:58:18,9.3,4799,0.0,173,0.0,186,0.0,170
17:58:19,8.3,4841,0.0,173,0.2,189,0.0,170
17:58:20,7.6,4846,0.0,173,0.0,189,0.0,170
17:58:22,10.4,4847,0.1,173,0.2,187,0.0,170
17:58:23,4.5,4841,0.0,173,0.3,194,0.0,170
17:58:24,5.6,4840,0.2,173,0.1,194,0.1,170
17:58:25,2.3,4818,0.0,173,0.5,194,0.1,170
17:58:26,4.8,4851,0.1,173,0.1,188,0.0,151
17:58:27,2.5,4845,0.0,173,0.1,188,0.1,151
17:58:28,2.7,4839,0.2,173,0.2,190,0.0,151
17:58:30,5.5,4842,0.0,173,0.2,192,0.0,151
17:58:31,5.3,4830,0.0,173,0.1,188,0.0,151
17:58:32,7.0,4834,0.0,173,0.2,190,0.0,151
17:58:33,4.7,4826,0.0,173,0.0,190,0.0,151
17:58:34,3.0,4854,0.0,173,0.2,190,0.0,151
17:58:35,5.9,4845,0.1,173,0.2,190,0.0,151
17:58:36,4.0,4849,0.2,173,0.1,191,0.0,151
17:58:38,3.4,4850,0.0,173,0.1,191,0.1,151
17:58:39,5.6,4846,0.2,173,0.1,191,0.1,151
17:58:40,2.9,4842,0.0,173,0.1,192,0.0,151
17:58:41,6.5,4844,0.1,173,0.2,195,0.0,151
17:58:42,5.7,4843,0.0,173,0.1,195,0.0,151
17:58:43,7.4,4788,0.0,173,0.0,195,0.0,151
17:58:44,7.1,4832,0.0,173,0.0,176,0.0,151
17:58:45,3.9,4897,0.0,173,0.1,176,0.0,151
17:58:47,3.1,4917,0.0,173,0.2,172,0.0,151
17:58:48,4.3,4906,0.1,173,0.2,173,0.0,151
17:58:49,10.3,4890,0.1,173,0.0,175,0.0,151
17:58:50,5.9,4910,0.0,173,0.0,175,0.0,151
17:58:51,3.6,4910,0.0,173,0.0,173,0.0,151
17:58:52,6.2,4912,0.1,173,0.0,173,0.1,151
17:58:53,4.2,4934,0.1,173,0.1,173,0.1,151
17:58:55,4.1,4929,0.1,173,0.0,174,0.0,151
17:58:56,5.8,4927,0.0,173,0.0,172,0.0,151
17:58:57,5.9,4935,0.0,173,0.2,175,0.1,132
17:58:58,6.8,4927,0.0,173,0.0,175,0.0,132
17:58:59,16.5,4915,0.0,173,0.0,175,0.0,132
17:59:00,6.8,4923,0.0,173,0.0,175,0.0,132
17:59:01,4.5,4913,0.0,173,0.2,173,0.0,151
17:59:02,5.1,4909,0.1,173,0.2,173,0.1,151
17:59:04,6.4,4913,0.2,173,0.1,173,0.0,151
17:59:05,5.5,4908,0.0,173,0.1,174,0.0,151
17:59:06,5.3,4908,0.0,173,0.4,172,0.0,151
17:59:07,14.6,4797,0.0,173,9.0,277,0.0,151
17:59:08,10.1,4757,0.0,173,0.5,277,0.0,151
17:59:09,7.8,5051,0.0,173,0.0,0,0.0,151
